{
  "final_epoch": 50,
  "final_metrics": {
    "mAP50": 0.6689,
    "mAP50-95": 0.3861,
    "precision": 0.65481,
    "recall": 0.63966
  }
}